resource,path,method,summary,parameter_count,parameters
/alerts-notifications,/alerts-notifications.json/,GET,Get Alert Notification Settings,0,[]
/alerts-notifications,/alerts-notifications.json/disable,PUT,Disable Alert Notifications,1,"[{""description"":""Updated Alert Notification"",""paramType"":""body"",""required"":true,""allowMultiple"":false,""dataType"":""AlertNotificationDto""}]"
/alerts-notifications,/alerts-notifications.json/enable,PUT,Enable Alert Notifications,1,"[{""description"":""Updated Alert Notification"",""paramType"":""body"",""required"":true,""allowMultiple"":false,""dataType"":""AlertNotificationDto""}]"
/geomaps,/geomaps.json/location,PUT,Set Arrays Location,1,"[{""description"":""Location with which to update the Array"",""paramType"":""body"",""required"":true,""allowMultiple"":false,""dataType"":""List[MapArrayLocationDto]""}]"
/geomaps,/geomaps.json/,GET,List GeoArrays,8,"[{""name"":""start"",""description"":""The start index of the return list, default as 0"",""paramType"":""query"",""required"":false,""allowMultiple"":false,""dataType"":""int""},{""name"":""count"",""description"":""The size of the return list, default as 50"",""paramType"":""query"",""required"":false,""allowMultiple"":false,""dataType"":""int""},{""name"":""sortBy"",""description"":""The property by which the returned list is sorted, default as 'hostName'"",""paramType"":""query"",""allowableValues"":{""valueType"":""LIST"",""values"":[""hostName"",""onlineStatus"",""clients"",""rxBytes"",""txBytes"",""totalBytes""]},""required"":false,""allowMultiple"":false,""dataType"":""string""},{""name"":""sortOrder"",""description"":""Sort order, default as 'asc'"",""paramType"":""query"",""allowableValues"":{""valueType"":""LIST"",""values"":[""asc"",""desc""]},""required"":false,""allowMultiple"":false,""dataType"":""string""},{""name"":""top"",""description"":""The top bounds of search coordinates"",""paramType"":""query"",""required"":false,""allowMultiple"":false,""dataType"":""float""},{""name"":""left"",""description"":""The left bounds of search coordinates"",""paramType"":""query"",""required"":false,""allowMultiple"":false,""dataType"":""float""},{""name"":""bottom"",""description"":""The bottom bounds of search coordinates"",""paramType"":""query"",""required"":false,""allowMultiple"":false,""dataType"":""float""},{""name"":""right"",""description"":""The right bounds of search coordinates"",""paramType"":""query"",""required"":false,""allowMultiple"":false,""dataType"":""float""}]"
/feedback,/feedback.json/,POST,Give Feedback,1,"[{""description"":""User feedback"",""paramType"":""body"",""required"":true,""allowMultiple"":false,""dataType"":""UserFeedbackDto""}]"
/arrays,/arrays.json/backoffice/penalty/{serialNumber},POST,Clear Array penalty,1,"[{""name"":""serialNumber"",""description"":""Serial number of Array to clear penalty"",""paramType"":""path"",""required"":true,""allowMultiple"":false,""dataType"":""string""}]"
/arrays,/arrays.json/search/{search},GET,Search Array,1,"[{""name"":""search"",""description"":""Search value"",""paramType"":""path"",""required"":true,""allowMultiple"":false,""dataType"":""string""}]"
/arrays,/arrays.json/backoffice/serialnumber/{serialNumber},GET,Get Array backoffice details by serial number,1,"[{""name"":""serialNumber"",""description"":""Serial number of Array to be fetched"",""paramType"":""path"",""required"":true,""allowMultiple"":false,""dataType"":""string""}]"
/arrays,/arrays.json/serialnumber/{serialNumber},GET,Get Array by serial number,1,"[{""name"":""serialNumber"",""description"":""Serial Number of Array that needs to be fetched"",""paramType"":""path"",""required"":true,""allowMultiple"":false,""dataType"":""string""}]"
/arrays,/arrays.json/macaddress/{macAddress},GET,Get Array by MAC addess,1,"[{""name"":""macAddress"",""description"":""MAC address of Array that needs to be fetched"",""paramType"":""path"",""required"":true,""allowMultiple"":false,""dataType"":""string""}]"
/arrays,/arrays.json/global/macaddress/{macAddress},GET,Get Array and Tenant by MAC addess from global storage,1,"[{""name"":""macAddress"",""description"":""MAC address of Array that needs to be fetched"",""paramType"":""path"",""required"":true,""allowMultiple"":false,""dataType"":""string""}]"
/arrays,/arrays.json/summary,GET,Get Array counts,0,[]
/arrays,/arrays.json/,GET,List Arrays,4,"[{""name"":""start"",""description"":""The start index of the return list, default as 0"",""paramType"":""query"",""required"":false,""allowMultiple"":false,""dataType"":""int""},{""name"":""count"",""description"":""The size of the return list, default as 50"",""paramType"":""query"",""required"":false,""allowMultiple"":false,""dataType"":""int""},{""name"":""sortBy"",""description"":""The property by which the returned list is sorted, default as 'baseMacAddress'"",""paramType"":""query"",""allowableValues"":{""valueType"":""LIST"",""values"":[""baseMacAddress"",""actualIpAddress"",""serialNumber"",""aosVersion"",""activationStatus"",""recentActivation"",""hostName"",""location"",""onlineStatus"",""actualNetmask"",""actualGateway"",""licenseKey"",""licensedAosVersion"",""arrayModel"",""manufacturer"",""baseIapMacAddress"",""profileName"",""clients"",""rxBytes"",""txBytes"",""totalBytes"",""penaltyType"",""reportedAosVersion""]},""required"":false,""allowMultiple"":false,""dataType"":""string""},{""name"":""sortOrder"",""description"":""Sort order, default as 'asc'"",""paramType"":""query"",""allowableValues"":{""valueType"":""LIST"",""values"":[""asc"",""desc""]},""required"":false,""allowMultiple"":false,""dataType"":""string""}]"
/arrays,/arrays.json/,POST,Add Arrays,1,"[{""description"":""List of new Arrays"",""paramType"":""body"",""required"":true,""allowMultiple"":false,""dataType"":""List[XirrusArrayDto]""}]"
/arrays,/arrays.json/unassigned,GET,List Arrays not assigned to a Profile,4,"[{""name"":""start"",""description"":""The start index of the return list, default as 0"",""paramType"":""query"",""required"":false,""allowMultiple"":false,""dataType"":""int""},{""name"":""count"",""description"":""The size of the return list, default as 50"",""paramType"":""query"",""required"":false,""allowMultiple"":false,""dataType"":""int""},{""name"":""sortBy"",""description"":""The property by which the returned list is sorted, default as 'baseMacAddress'"",""paramType"":""query"",""allowableValues"":{""valueType"":""LIST"",""values"":[""baseMacAddress"",""serialNumber""]},""required"":false,""allowMultiple"":false,""dataType"":""string""},{""name"":""sortOrder"",""description"":""Sort order, default as 'asc'"",""paramType"":""query"",""allowableValues"":{""valueType"":""LIST"",""values"":[""asc"",""desc""]},""required"":false,""allowMultiple"":false,""dataType"":""string""}]"
/arrays,/arrays.json/unassigned,PUT,Remove Arrays from any Profile,1,"[{""description"":""List of Array IDs to remove from Profiles"",""paramType"":""body"",""required"":true,""allowMultiple"":false,""dataType"":""List[string]""}]"
/arrays,/arrays.json/global,GET,List Arrays for all Tenants,4,"[{""name"":""start"",""description"":""The start index of the return list, default as 0"",""paramType"":""query"",""required"":false,""allowMultiple"":false,""dataType"":""int""},{""name"":""count"",""description"":""The size of the return list, default as 50"",""paramType"":""query"",""required"":false,""allowMultiple"":false,""dataType"":""int""},{""name"":""sortBy"",""description"":""The property by which the returned list is sorted, default as 'globalSerialNumber'"",""paramType"":""query"",""allowableValues"":{""valueType"":""LIST"",""values"":[""globalSerialNumber"",""globalMacAddress"",""globalArrayId"",""globalActivationStatus"",""penaltyType"",""reportedAosVersion""]},""required"":false,""allowMultiple"":false,""dataType"":""string""},{""name"":""sortOrder"",""description"":""Sort order, default as 'asc'"",""paramType"":""query"",""allowableValues"":{""valueType"":""LIST"",""values"":[""asc"",""desc""]},""required"":false,""allowMultiple"":false,""dataType"":""string""}]"
/arrays,/arrays.json/{arrayId},GET,Get Array,1,"[{""name"":""arrayId"",""description"":""ID of Array that needs to be fetched"",""paramType"":""path"",""required"":true,""allowMultiple"":false,""dataType"":""string""}]"
/arrays,/arrays.json/{arrayId},PUT,Update Array,2,"[{""name"":""arrayId"",""description"":""ID of Array to update"",""paramType"":""path"",""required"":true,""allowMultiple"":false,""dataType"":""string""},{""description"":""Updated Array"",""paramType"":""body"",""required"":true,""allowMultiple"":false,""dataType"":""XirrusArrayDto""}]"
/arrays,/arrays.json/{arrayId},DELETE,Delete Array,1,"[{""name"":""arrayId"",""description"":""ID of Array that needs to be deleted"",""paramType"":""path"",""required"":true,""allowMultiple"":false,""dataType"":""string""}]"
/arrays,/arrays.json/global/serialnumber/{serialNumber},GET,Get Array and Tenant by serial number from global storage,1,"[{""name"":""serialNumber"",""description"":""Serial Number of Array that needs to be fetched"",""paramType"":""path"",""required"":true,""allowMultiple"":false,""dataType"":""string""}]"
/arrays,/arrays.json/global/{arrayId},GET,Get Array and Tenant by ID from global storage,1,"[{""name"":""arrayId"",""description"":""ID of Array that needs to be fetched"",""paramType"":""path"",""required"":true,""allowMultiple"":false,""dataType"":""string""}]"
/arrays,/arrays.json/stats/throughput,GET,Get Array throughput time series data,2,"[{""name"":""hours"",""description"":""Hours to display - accepted is 1, 24(day), 168(week), 720(month)"",""paramType"":""query"",""required"":true,""allowMultiple"":false,""dataType"":""int""},{""name"":""period"",""description"":""Period, in minutes - accepted is 5, 60(hour), 360(6 hour), 1440(day)"",""paramType"":""query"",""required"":true,""allowMultiple"":false,""dataType"":""int""}]"
/arrays,/arrays.json/stats/top,GET,List Top Arrays,5,"[{""name"":""hours"",""description"":""Window to display in hours, accepted 1, 24(day), 168(week), 720(month)"",""paramType"":""query"",""required"":true,""allowMultiple"":false,""dataType"":""int""},{""name"":""start"",""description"":""The start index of the return list, default as 0"",""paramType"":""query"",""required"":false,""allowMultiple"":false,""dataType"":""int""},{""name"":""count"",""description"":""The size of the return list, default as 10"",""paramType"":""query"",""required"":false,""allowMultiple"":false,""dataType"":""int""},{""name"":""sortBy"",""description"":""The property by which the returned list is sorted, default as 'totalBytes'"",""paramType"":""query"",""allowableValues"":{""valueType"":""LIST"",""values"":[""rxBytes"",""txBytes"",""totalBytes""]},""required"":false,""allowMultiple"":false,""dataType"":""string""},{""name"":""sortOrder"",""description"":""Sort order, default as 'desc'"",""paramType"":""query"",""allowableValues"":{""valueType"":""LIST"",""values"":[""asc"",""desc""]},""required"":false,""allowMultiple"":false,""dataType"":""string""}]"
/arrays,/arrays.json/systeminfo/{arrayId},GET,Get Array System Info,1,"[{""name"":""arrayId"",""description"":""ID of Array to update"",""paramType"":""path"",""required"":true,""allowMultiple"":false,""dataType"":""string""}]"
/arrays,/arrays.json/actions/optimize,POST,Perform optimization actions on Arrays,1,"[{""description"":""Data"",""paramType"":""body"",""required"":true,""allowMultiple"":false,""dataType"":""OptimizationActionDto""}]"
/arrays,/arrays.json/actions/optimize/check,POST,Optimization check,1,"[{""description"":""Array IDs"",""paramType"":""body"",""required"":true,""allowMultiple"":false,""dataType"":""List[string]""}]"
/arrays,/arrays.json/factorydefault,POST,Factory Reset Array,1,"[{""description"":""IDs of Arrays to factory reset"",""paramType"":""body"",""required"":false,""allowMultiple"":false,""dataType"":""List[string]""}]"
/arrays,/arrays.json/reboot,POST,Reboot Array,1,"[{""description"":""IDs of Arrays to factory reset"",""paramType"":""body"",""required"":false,""allowMultiple"":false,""dataType"":""List[string]""}]"
/arrays,/arrays.json/backoffice/penalty,GET,List Penalized Arrays,3,"[{""name"":""tenantId"",""description"":""Tenant ID to filter Arrays"",""paramType"":""query"",""required"":false,""allowMultiple"":false,""dataType"":""string""},{""name"":""sortBy"",""description"":""The property by which the returned list is sorted, default as 'tenantId'"",""paramType"":""query"",""allowableValues"":{""valueType"":""LIST"",""values"":[""tenantId"",""serialNumber"",""penaltyType""]},""required"":false,""allowMultiple"":false,""dataType"":""string""},{""name"":""sortOrder"",""description"":""Sort order, default as 'asc'"",""paramType"":""query"",""allowableValues"":{""valueType"":""LIST"",""values"":[""asc"",""desc""]},""required"":false,""allowMultiple"":false,""dataType"":""string""}]"
/arrays,/arrays.json/backoffice/penalty,POST,Bulk clear Array penalty,1,"[{""description"":""List of Serial numbers to clear"",""paramType"":""body"",""required"":false,""allowMultiple"":false,""dataType"":""List[string]""}]"
/arrays,/arrays.json/{arrayId}/activation/reset,PUT,Reset Activation status,1,"[{""name"":""arrayId"",""description"":""ID of Array to reset"",""paramType"":""path"",""required"":true,""allowMultiple"":false,""dataType"":""string""}]"
/arrays,/arrays.json/{arrayId}/activation/expire,PUT,Expire Array,1,"[{""name"":""arrayId"",""description"":""ID of Array to expire"",""paramType"":""path"",""required"":true,""allowMultiple"":false,""dataType"":""string""}]"
/mobile,/mobile.json/,GET,List Mobile Carriers,4,"[{""name"":""start"",""description"":""The start index of the return list, default as 0"",""paramType"":""query"",""required"":false,""allowMultiple"":false,""dataType"":""int""},{""name"":""count"",""description"":""The size of the return list, default as 50"",""paramType"":""query"",""required"":false,""allowMultiple"":false,""dataType"":""int""},{""name"":""sortBy"",""description"":""The property by which the returned list is sorted, default as 'country'"",""paramType"":""query"",""allowableValues"":{""valueType"":""LIST"",""values"":[""country"",""provider"",""enabled"",""custom""]},""required"":false,""allowMultiple"":false,""dataType"":""string""},{""name"":""sortOrder"",""description"":""Sort order, default as 'asc'"",""paramType"":""query"",""allowableValues"":{""valueType"":""LIST"",""values"":[""asc"",""desc""]},""required"":false,""allowMultiple"":false,""dataType"":""string""}]"
/mobile,/mobile.json/,POST,Add Mobile Carrier,1,"[{""description"":""Mobile Carrier"",""paramType"":""body"",""required"":true,""allowMultiple"":false,""dataType"":""List[MobileCarrierDto]""}]"
/mobile,/mobile.json/countries,GET,Get Carriers by country,2,"[{""name"":""default"",""description"":""Show default carriers"",""paramType"":""query"",""required"":false,""allowMultiple"":false,""dataType"":""boolean""},{""name"":""custom"",""description"":""Show custom carriers"",""paramType"":""query"",""required"":false,""allowMultiple"":false,""dataType"":""boolean""}]"
/mobile,/mobile.json/{carrierId},DELETE,Delete Mobile Carrier,1,"[{""name"":""carrierId"",""description"":""Mobile carrier id"",""paramType"":""path"",""required"":true,""allowMultiple"":false,""dataType"":""string""}]"
/mobile,/mobile.json/{carrierId},PUT,Update Mobile Carrier,2,"[{""name"":""carrierId"",""description"":""Mobile carrier id"",""paramType"":""path"",""required"":true,""allowMultiple"":false,""dataType"":""string""},{""description"":""Mobile Carrier"",""paramType"":""body"",""required"":true,""allowMultiple"":false,""dataType"":""MobileCarrierDto""}]"
/clients,/clients.json/,GET,List Clients,4,"[{""name"":""start"",""description"":""The start index of the return list, default as 0"",""paramType"":""query"",""required"":false,""allowMultiple"":false,""dataType"":""int""},{""name"":""count"",""description"":""The size of the return list, default as 50"",""paramType"":""query"",""required"":false,""allowMultiple"":false,""dataType"":""int""},{""name"":""sortBy"",""description"":""The property by which the returned list is sorted, default as 'clientMacAddress'"",""paramType"":""query"",""allowableValues"":{""valueType"":""LIST"",""values"":[""clientMacAddress"",""clientHostName"",""capability"",""lastSeen"",""manufacturer"",""deviceType"",""deviceClass"",""online"",""ipAddress"",""activeHostIp"",""operatingMode"",""lastArrayHostName"",""location"",""sessionLength"",""rssi"",""txConnectRate"",""rxConnectRate"",""band"",""channel"",""iap"",""txthroughput"",""rxthroughput"",""throughput"",""totalBytes"",""txTotalRetries"",""txTotalErrors"",""txPackets"",""txBytes"",""rxTotalRetries"",""rxTotalErrors"",""rxPackets"",""rxBytes"",""retryPct"",""errorPct"",""keyMgmt"",""encType"",""cipher"",""ssid"",""vlan"",""userName"",""profileName"",""status"",""onlineStatus""]},""required"":false,""allowMultiple"":false,""dataType"":""string""},{""name"":""sortOrder"",""description"":""Sort order, default as 'asc'"",""paramType"":""query"",""allowableValues"":{""valueType"":""LIST"",""values"":[""asc"",""desc""]},""required"":false,""allowMultiple"":false,""dataType"":""string""}]"
/clients,/clients.json/stats/top,GET,List Top Clients,5,"[{""name"":""hours"",""description"":""Window to display in hours, accepted 1, 24(day), 168(week), 720(month)"",""paramType"":""query"",""required"":false,""allowMultiple"":false,""dataType"":""int""},{""name"":""start"",""description"":""The start index of the return list, default as 0"",""paramType"":""query"",""required"":false,""allowMultiple"":false,""dataType"":""int""},{""name"":""count"",""description"":""The size of the return list, default as 10"",""paramType"":""query"",""required"":false,""allowMultiple"":false,""dataType"":""int""},{""name"":""sortBy"",""description"":""The property by which the returned list is sorted, default as 'totalBytes'"",""paramType"":""query"",""allowableValues"":{""valueType"":""LIST"",""values"":[""rxBytes"",""txBytes"",""totalBytes""]},""required"":false,""allowMultiple"":false,""dataType"":""string""},{""name"":""sortOrder"",""description"":""Sort order, default as 'desc'"",""paramType"":""query"",""allowableValues"":{""valueType"":""LIST"",""values"":[""asc"",""desc""]},""required"":false,""allowMultiple"":false,""dataType"":""string""}]"
/clients,/clients.json/summary,GET,Get Client summary,0,[]
/clients,/clients.json/stats/throughput,GET,Get Client throughput time series data,2,"[{""name"":""hours"",""description"":""Hours to display - accepted is 1, 24(day), 168(week), 720(month)"",""paramType"":""query"",""required"":true,""allowMultiple"":false,""dataType"":""int""},{""name"":""period"",""description"":""Period, in minutes - accepted is 5, 60(hour), 360(6 hour), 1440(day)"",""paramType"":""query"",""required"":true,""allowMultiple"":false,""dataType"":""int""}]"
/clients,/clients.json/stats/device,GET,Get Clients by Devices,3,"[{""name"":""hours"",""description"":""Window to display, in hours. Default as 24"",""paramType"":""query"",""required"":false,""allowMultiple"":false,""dataType"":""int""},{""name"":""count"",""description"":""The size of the return list, default as 5"",""paramType"":""query"",""required"":false,""allowMultiple"":false,""dataType"":""int""},{""name"":""sortBy"",""description"":""The property by which the returned list is sorted, default as 'totalBytes'"",""paramType"":""query"",""allowableValues"":{""valueType"":""LIST"",""values"":[""txBytes"",""rxBytes"",""totalBytes""]},""required"":false,""allowMultiple"":false,""dataType"":""string""}]"
/clients,/clients.json/stats/manufacturer,GET,Get Clients by Manufacturer,3,"[{""name"":""hours"",""description"":""Window to display, in hours. Default as 24"",""paramType"":""query"",""required"":false,""allowMultiple"":false,""dataType"":""int""},{""name"":""count"",""description"":""The size of the return list, default as 5"",""paramType"":""query"",""required"":false,""allowMultiple"":false,""dataType"":""int""},{""name"":""sortBy"",""description"":""The property by which the returned list is sorted, default as 'totalBytes'"",""paramType"":""query"",""allowableValues"":{""valueType"":""LIST"",""values"":[""txBytes"",""rxBytes"",""totalBytes""]},""required"":false,""allowMultiple"":false,""dataType"":""string""}]"
/clients,/clients.json/stats/category,GET,Get Applications by Category,5,"[{""name"":""hours"",""description"":""Time interval"",""paramType"":""query"",""required"":true,""allowMultiple"":false,""dataType"":""int""},{""name"":""count"",""description"":""The size of the return list, default as 10"",""paramType"":""query"",""required"":false,""allowMultiple"":false,""dataType"":""int""},{""name"":""sortBy"",""description"":""The property by which the returned list is sorted, default as 'totalBytes'"",""paramType"":""query"",""allowableValues"":{""valueType"":""LIST"",""values"":[""txBytes"",""rxBytes"",""totalBytes"",""description""]},""required"":false,""allowMultiple"":false,""dataType"":""string""},{""name"":""sortOrder"",""description"":""Sort order, default as 'asc'"",""paramType"":""query"",""allowableValues"":{""valueType"":""LIST"",""values"":[""asc"",""desc""]},""required"":false,""allowMultiple"":false,""dataType"":""string""},{""name"":""useOther"",""description"":""Use 'Other' entry, default as 'false'"",""paramType"":""query"",""allowableValues"":{""valueType"":""LIST"",""values"":[""true"",""false""]},""required"":false,""allowMultiple"":false,""dataType"":""boolean""}]"
/clients,/clients.json/stats/application,GET,Get Applications,5,"[{""name"":""hours"",""description"":""Time interval"",""paramType"":""query"",""required"":true,""allowMultiple"":false,""dataType"":""int""},{""name"":""count"",""description"":""The size of the return list, default as 10"",""paramType"":""query"",""required"":false,""allowMultiple"":false,""dataType"":""int""},{""name"":""sortBy"",""description"":""The property by which the returned list is sorted, default as 'totalBytes'"",""paramType"":""query"",""allowableValues"":{""valueType"":""LIST"",""values"":[""txBytes"",""rxBytes"",""totalBytes"",""name"",""risk"",""productivity""]},""required"":false,""allowMultiple"":false,""dataType"":""string""},{""name"":""sortOrder"",""description"":""Sort order, default as 'asc'"",""paramType"":""query"",""allowableValues"":{""valueType"":""LIST"",""values"":[""asc"",""desc""]},""required"":false,""allowMultiple"":false,""dataType"":""string""},{""name"":""useOther"",""description"":""Use 'Other' entry, default as 'false'"",""paramType"":""query"",""allowableValues"":{""valueType"":""LIST"",""values"":[""true"",""false""]},""required"":false,""allowMultiple"":false,""dataType"":""boolean""}]"
/clients,/clients.json/stats/count,GET,Get Client count time series data,2,"[{""name"":""hours"",""description"":""Hours to display - accepted is 1, 24(day), 168(week), 720(month)"",""paramType"":""query"",""required"":true,""allowMultiple"":false,""dataType"":""int""},{""name"":""period"",""description"":""Period, in minutes - accepted is 5, 60(hour), 360(6 hour), 1440(day)"",""paramType"":""query"",""required"":true,""allowMultiple"":false,""dataType"":""int""}]"
/clients,/clients.json/actions/reset,PUT,Reset Clients,1,"[{""description"":""IDs of Clients to reset"",""paramType"":""body"",""required"":true,""allowMultiple"":false,""dataType"":""List[string]""}]"
/clients,/clients.json/actions/block,PUT,Block Clients,1,"[{""description"":""IDs of Clients to block"",""paramType"":""body"",""required"":true,""allowMultiple"":false,""dataType"":""List[string]""}]"
/aosversions,/aosversions.json/aosversionbox/circles/{aosVersionBoxId},GET,List all TenantCircles for a Version Box,5,"[{""name"":""aosVersionBoxId"",""description"":""ID of AOS Version Box to find"",""paramType"":""path"",""required"":true,""allowMultiple"":false,""dataType"":""string""},{""name"":""start"",""description"":""The start index of the return list, default as 0"",""paramType"":""query"",""required"":false,""allowMultiple"":false,""dataType"":""int""},{""name"":""count"",""description"":""The size of the return list, default as 50"",""paramType"":""query"",""required"":false,""allowMultiple"":false,""dataType"":""int""},{""name"":""sortBy"",""description"":""The property by which the returned list is sorted, default as 'name'"",""paramType"":""query"",""allowableValues"":{""valueType"":""LIST"",""values"":[""name""]},""required"":false,""allowMultiple"":false,""dataType"":""string""},{""name"":""sortOrder"",""description"":""Sort order, default as 'desc'"",""paramType"":""query"",""allowableValues"":{""valueType"":""LIST"",""values"":[""asc"",""desc""]},""required"":false,""allowMultiple"":false,""dataType"":""string""}]"
/aosversions,/aosversions.json/aosversionbox/circles/{aosVersionBoxId},PUT,Assign Tenant Circles to an AOS Version Box,2,"[{""name"":""aosVersionBoxId"",""description"":""ID of AOS Version to be updated"",""paramType"":""path"",""required"":true,""allowMultiple"":false,""dataType"":""string""},{""description"":""Tenant Circle IDs"",""paramType"":""body"",""required"":true,""allowMultiple"":false,""dataType"":""List[string]""}]"
/aosversions,/aosversions.json/version/{aosVersionName},GET,Get AOS Version by name,1,"[{""name"":""aosVersionName"",""description"":""Name of AOS Version that needs to be fetched"",""paramType"":""path"",""required"":true,""allowMultiple"":false,""dataType"":""string""}]"
/aosversions,/aosversions.json/aosversionbox,POST,Add AOS Version Box,1,"[{""description"":""New AOS Version Box"",""paramType"":""body"",""required"":true,""allowMultiple"":false,""dataType"":""AosVersionBoxDto""}]"
/aosversions,/aosversions.json/aosversionbox,GET,List all AOS Version Boxes,4,"[{""name"":""start"",""description"":""The start index of the return list, default as 0"",""paramType"":""query"",""required"":false,""allowMultiple"":false,""dataType"":""int""},{""name"":""count"",""description"":""The size of the return list, default as 50"",""paramType"":""query"",""required"":false,""allowMultiple"":false,""dataType"":""int""},{""name"":""sortBy"",""description"":""The property by which the returned list is sorted, default as 'name'"",""paramType"":""query"",""allowableValues"":{""valueType"":""LIST"",""values"":[""name""]},""required"":false,""allowMultiple"":false,""dataType"":""string""},{""name"":""sortOrder"",""description"":""Sort order, default as 'desc'"",""paramType"":""query"",""allowableValues"":{""valueType"":""LIST"",""values"":[""asc"",""desc""]},""required"":false,""allowMultiple"":false,""dataType"":""string""}]"
/aosversions,/aosversions.json/{aosVersionId},DELETE,Delete AOS Version,1,"[{""name"":""aosVersionId"",""description"":""ID of AOS Version that needs to be deleted"",""paramType"":""path"",""required"":true,""allowMultiple"":false,""dataType"":""string""}]"
/aosversions,/aosversions.json/{aosVersionId},GET,Get AOS Version,1,"[{""name"":""aosVersionId"",""description"":""ID of AOS Version that needs to be fetched"",""paramType"":""path"",""required"":true,""allowMultiple"":false,""dataType"":""string""}]"
/aosversions,/aosversions.json/{aosVersionId},PUT,Update AOS Version,2,"[{""name"":""aosVersionId"",""description"":""ID of AOS Version to be updated"",""paramType"":""path"",""required"":true,""allowMultiple"":false,""dataType"":""string""},{""description"":""Updated AOS Version"",""paramType"":""body"",""required"":true,""allowMultiple"":false,""dataType"":""AosVersionInfoDto""}]"
/aosversions,/aosversions.json/aosversionbox/{aosVersionBoxId},DELETE,Delete AOS Version Box,1,"[{""name"":""aosVersionBoxId"",""description"":""ID of AOS Version Box that needs to be deleted"",""paramType"":""path"",""required"":true,""allowMultiple"":false,""dataType"":""string""}]"
/aosversions,/aosversions.json/aosversionbox/{aosVersionBoxId},GET,Get AOS Version Box by ID,1,"[{""name"":""aosVersionBoxId"",""description"":""ID of AOS Version Box to find"",""paramType"":""path"",""required"":true,""allowMultiple"":false,""dataType"":""string""}]"
/aosversions,/aosversions.json/,GET,List active AOS Versions,5,"[{""name"":""start"",""description"":""The start index of the return list, default as 0"",""paramType"":""query"",""required"":false,""allowMultiple"":false,""dataType"":""int""},{""name"":""count"",""description"":""The size of the return list, default as 50"",""paramType"":""query"",""required"":false,""allowMultiple"":false,""dataType"":""int""},{""name"":""sortBy"",""description"":""The property by which the returned list is sorted, default as 'version'"",""paramType"":""query"",""allowableValues"":{""valueType"":""LIST"",""values"":[""version""]},""required"":false,""allowMultiple"":false,""dataType"":""string""},{""name"":""sortOrder"",""description"":""Sort order, default as 'desc'"",""paramType"":""query"",""allowableValues"":{""valueType"":""LIST"",""values"":[""asc"",""desc""]},""required"":false,""allowMultiple"":false,""dataType"":""string""},{""name"":""includeBeta"",""description"":""Include beta versions, default as 'false'"",""paramType"":""query"",""allowableValues"":{""valueType"":""LIST"",""values"":[""false"",""true""]},""required"":false,""allowMultiple"":false,""dataType"":""boolean""}]"
/aosversions,/aosversions.json/,POST,Add AOS Version,1,"[{""description"":""New AOS Version"",""paramType"":""body"",""required"":true,""allowMultiple"":false,""dataType"":""AosVersionInfoDto""}]"
/aosversions,/aosversions.json/all,GET,List all AOS Versions,4,"[{""name"":""start"",""description"":""The start index of the return list, default as 0"",""paramType"":""query"",""required"":false,""allowMultiple"":false,""dataType"":""int""},{""name"":""count"",""description"":""The size of the return list, default as 50"",""paramType"":""query"",""required"":false,""allowMultiple"":false,""dataType"":""int""},{""name"":""sortBy"",""description"":""The property by which the returned list is sorted, default as 'version'"",""paramType"":""query"",""allowableValues"":{""valueType"":""LIST"",""values"":[""version""]},""required"":false,""allowMultiple"":false,""dataType"":""string""},{""name"":""sortOrder"",""description"":""Sort order, default as 'desc'"",""paramType"":""query"",""allowableValues"":{""valueType"":""LIST"",""values"":[""asc"",""desc""]},""required"":false,""allowMultiple"":false,""dataType"":""string""}]"
/aosversions,/aosversions.json/aosversionbox/name/{aosVersionBoxName},GET,Get AOS Version Box by name,1,"[{""name"":""aosVersionBoxName"",""description"":""Name of AOS Version Box to find"",""paramType"":""path"",""required"":true,""allowMultiple"":false,""dataType"":""string""}]"
/auditlog,/auditlog.json/,GET,List Audit Logs for Date Range,4,"[{""name"":""start"",""description"":""The start index of the return list, default as 0"",""paramType"":""query"",""required"":false,""allowMultiple"":false,""dataType"":""int""},{""name"":""count"",""description"":""The size of the return list, default as 50"",""paramType"":""query"",""required"":false,""allowMultiple"":false,""dataType"":""int""},{""name"":""sortBy"",""description"":""The property by which the returned list is sorted, default as 'startTime'"",""paramType"":""query"",""allowableValues"":{""valueType"":""LIST"",""values"":[""startTime""]},""required"":false,""allowMultiple"":false,""dataType"":""string""},{""name"":""sortOrder"",""description"":""Sort order, default as 'asc'"",""paramType"":""query"",""allowableValues"":{""valueType"":""LIST"",""values"":[""asc"",""desc""]},""required"":false,""allowMultiple"":false,""dataType"":""string""}]"
/auditlog,/auditlog.json/global,GET,List global Audit Logs for Date Range,4,"[{""name"":""start"",""description"":""The start index of the return list, default as 0"",""paramType"":""query"",""required"":false,""allowMultiple"":false,""dataType"":""int""},{""name"":""count"",""description"":""The size of the return list, default as 50"",""paramType"":""query"",""required"":false,""allowMultiple"":false,""dataType"":""int""},{""name"":""sortBy"",""description"":""The property by which the returned list is sorted, default as 'startTime'"",""paramType"":""query"",""allowableValues"":{""valueType"":""LIST"",""values"":[""startTime""]},""required"":false,""allowMultiple"":false,""dataType"":""string""},{""name"":""sortOrder"",""description"":""Sort order, default as 'asc'"",""paramType"":""query"",""allowableValues"":{""valueType"":""LIST"",""values"":[""asc"",""desc""]},""required"":false,""allowMultiple"":false,""dataType"":""string""}]"
/tenantclients,/tenantclients.json/{tenantId}/online,GET,List online Clients for Tenant,5,"[{""name"":""tenantId"",""description"":""ID of Tenant whose Clients need to be fetched"",""paramType"":""path"",""required"":true,""allowMultiple"":false,""dataType"":""string""},{""name"":""start"",""description"":""The start index of the return list, default as 0"",""paramType"":""query"",""required"":false,""allowMultiple"":false,""dataType"":""int""},{""name"":""count"",""description"":""The size of the return list, default as 50"",""paramType"":""query"",""required"":false,""allowMultiple"":false,""dataType"":""int""},{""name"":""sortBy"",""description"":""The property by which the returned list is sorted, default as 'clientMacAddress'"",""paramType"":""query"",""allowableValues"":{""valueType"":""LIST"",""values"":[""clientMacAddress"",""clientHostName"",""capability"",""lastSeen"",""manufacturer"",""deviceType"",""deviceClass"",""online"",""ipAddress"",""activeHostIp"",""operatingMode"",""lastArrayHostName"",""location"",""sessionLength"",""rssi"",""txConnectRate"",""rxConnectRate"",""band"",""channel"",""iap"",""txthroughput"",""rxthroughput"",""throughput"",""totalBytes"",""txTotalRetries"",""txTotalErrors"",""txPackets"",""txBytes"",""rxTotalRetries"",""rxTotalErrors"",""rxPackets"",""rxBytes"",""retryPct"",""errorPct"",""keyMgmt"",""encType"",""cipher"",""ssid"",""vlan"",""userName"",""profileName"",""status"",""onlineStatus""]},""required"":false,""allowMultiple"":false,""dataType"":""string""},{""name"":""sortOrder"",""description"":""Sort order, default as 'asc'"",""paramType"":""query"",""allowableValues"":{""valueType"":""LIST"",""values"":[""asc"",""desc""]},""required"":false,""allowMultiple"":false,""dataType"":""string""}]"
/alerts,/alerts.json/summary,GET,Get Alert Summary,0,[]
/alerts,/alerts.json/,GET,Get Alerts,7,"[{""name"":""severity"",""description"":""Display the Severity of Alert, Default as 'ALL'"",""paramType"":""query"",""allowableValues"":{""valueType"":""LIST"",""values"":[""ALL"",""HIGH"",""MEDIUM"",""LOW""]},""required"":false,""allowMultiple"":false,""dataType"":""string""},{""name"":""state"",""description"":""Display the State of Alert ,Default as 'OPEN'"",""paramType"":""query"",""allowableValues"":{""valueType"":""LIST"",""values"":[""ALL"",""OPEN"",""CLOSED""]},""required"":false,""allowMultiple"":false,""dataType"":""string""},{""name"":""acknowledged"",""description"":""Display the State of Alert ,Default as 'ALL'"",""paramType"":""query"",""allowableValues"":{""valueType"":""LIST"",""values"":[""ALL"",""ACKNOWLEDGED"",""UNACKNOWLEDGED""]},""required"":false,""allowMultiple"":false,""dataType"":""string""},{""name"":""start"",""description"":""The start index of the return list, default as 0"",""paramType"":""query"",""required"":false,""allowMultiple"":false,""dataType"":""int""},{""name"":""count"",""description"":""The size of the return list, default as 50"",""paramType"":""query"",""required"":false,""allowMultiple"":false,""dataType"":""int""},{""name"":""sortBy"",""description"":""The property by which the returned list is sorted, default as 'createdTime'"",""paramType"":""query"",""allowableValues"":{""valueType"":""LIST"",""values"":[""severity"",""state"",""source"",""type"",""createdTime"",""closedTime""]},""required"":false,""allowMultiple"":false,""dataType"":""string""},{""name"":""sortOrder"",""description"":""Sort order, default as 'desc'"",""paramType"":""query"",""allowableValues"":{""valueType"":""LIST"",""values"":[""asc"",""desc""]},""required"":false,""allowMultiple"":false,""dataType"":""string""}]"
/alerts,/alerts.json/acknowledge,PUT,Acknowledge Alerts,1,"[{""description"":""Alert Ids"",""paramType"":""body"",""required"":true,""allowMultiple"":false,""dataType"":""List[string]""}]"
/alerts,/alerts.json/unacknowledge,PUT,Unacknowledge Alerts,1,"[{""description"":""Alert Ids"",""paramType"":""body"",""required"":true,""allowMultiple"":false,""dataType"":""List[string]""}]"
/globalsettings,/globalsettings.json/news/url,GET,Get 'Whats New' url,0,[]
/globalsettings,/globalsettings.json/news/url,PUT,Set 'Whats New' url,1,"[{""name"":""url"",""description"":""URL for news infobox"",""paramType"":""query"",""required"":true,""allowMultiple"":false,""dataType"":""string""}]"
/globalsettings,/globalsettings.json/alerts/enable,PUT,Enable Alert Feature,0,[]
/globalsettings,/globalsettings.json/alerts/disable,PUT,Disable Alert Feature,0,[]
/globalsettings,/globalsettings.json/xms/normal,PUT,Flag XMS system to be normal,0,[]
/globalsettings,/globalsettings.json/cache/refresh,GET,Refresh Feature Cache,0,[]
/radios,/radios.json/{arrayId},GET,Get Radios for Array,1,"[{""name"":""arrayId"",""description"":""ID of Array to fetch Radios"",""paramType"":""path"",""required"":true,""allowMultiple"":false,""dataType"":""string""}]"
/radios,/radios.json/{arrayId},PUT,Update Radios for Array,2,"[{""name"":""arrayId"",""description"":""ID of Array to update"",""paramType"":""path"",""required"":true,""allowMultiple"":false,""dataType"":""string""},{""description"":""Updated Radios"",""paramType"":""body"",""required"":true,""allowMultiple"":false,""dataType"":""List[RadioDto]""}]"
/files,/files.json/captiveportal/images,GET,List Images,0,[]
/files,/files.json/captiveportal/images,DELETE,Delete Images,1,"[{""name"":""fileNames"",""description"":""Name of Image that needs to be deleted"",""paramType"":""query"",""required"":true,""allowMultiple"":false,""dataType"":""List[string]""}]"
/files,/files.json/captiveportal/images,POST,Upload Image File,1,"[{""description"":""File to be uploaded"",""paramType"":""body"",""required"":true,""allowMultiple"":false,""dataType"":""FileParamDto""}]"
/files,/files.json/floorplan/images,GET,List Floor Plans,0,[]
/files,/files.json/floorplan/images,DELETE,Delete Floor Plan,1,"[{""name"":""fileNames"",""description"":""Name of Image that needs to be deleted"",""paramType"":""query"",""required"":true,""allowMultiple"":false,""dataType"":""List[string]""}]"
/files,/files.json/floorplan/images,POST,Upload Floor Plan,1,"[{""description"":""File to be uploaded"",""paramType"":""body"",""required"":true,""allowMultiple"":false,""dataType"":""FileParamDto""}]"
/maintenance,/maintenance.json/upgradeTenantSchema,GET,Upgrade Tenant Schema,1,"[{""name"":""tenantId"",""description"":""Tenant ID (Optional)"",""paramType"":""query"",""required"":false,""allowMultiple"":false,""dataType"":""string""}]"
/maintenance,/maintenance.json/upgradeGlobalSchema,GET,Upgrade Global Schema,0,[]
/maintenance,/maintenance.json/convertAosVersionInfo,POST,Convert AosVersionInfo,1,"[{""description"":""TenantIds (optional)"",""paramType"":""body"",""required"":false,""allowMultiple"":false,""dataType"":""List[string]""}]"
/maintenance,/maintenance.json/removeOrphanedAosConfigIds,POST,Remove orphaned AOS Config ids,1,"[{""description"":""TenantIds (optional)"",""paramType"":""body"",""required"":false,""allowMultiple"":false,""dataType"":""List[string]""}]"
/maintenance,/maintenance.json/updateProfiles,PUT,Update Profiles,1,"[{""description"":""TenantIds (optional)"",""paramType"":""body"",""required"":false,""allowMultiple"":false,""dataType"":""List[string]""}]"
/maintenance,/maintenance.json/missingRefsToProfileConfigs,POST,View Profile Configs Missing reference from Profile After Data Conversion,1,"[{""description"":""TenantIds (optional)"",""paramType"":""body"",""required"":false,""allowMultiple"":false,""dataType"":""List[string]""}]"
/maintenance,/maintenance.json/logDataConversionEdgeCases,POST,Trigger logging of edge case data conversion records,1,"[{""description"":""TenantIds (optional)"",""paramType"":""body"",""required"":false,""allowMultiple"":false,""dataType"":""List[string]""}]"
/maintenance,/maintenance.json/convertUserDashboardIds,GET,Convert the User Dashboard IDs,0,[]
/maintenance,/maintenance.json/convertMobilizeState,POST,Convert Mobilize State,1,"[{""description"":""TenantIds (optional)"",""paramType"":""body"",""required"":false,""allowMultiple"":false,""dataType"":""List[string]""}]"
/maintenance,/maintenance.json/missingMobilizeState,POST,View Missing Mobilize States After Data Conversion,1,"[{""description"":""TenantIds (optional)"",""paramType"":""body"",""required"":false,""allowMultiple"":false,""dataType"":""List[string]""}]"
/maintenance,/maintenance.json/convertAosConfigs,POST,Convert AOS Configs,1,"[{""description"":""TenantIds (optional)"",""paramType"":""body"",""required"":false,""allowMultiple"":false,""dataType"":""List[string]""}]"
/maintenance,/maintenance.json/missingAosConfigs,POST,View Missing Aos Configs After Data Conversion,1,"[{""description"":""TenantIds (optional)"",""paramType"":""body"",""required"":false,""allowMultiple"":false,""dataType"":""List[string]""}]"
/floorplans,/floorplans.json/building/{buildingId},POST,Duplicate Building,1,"[{""name"":""buildingId"",""description"":""ID of Building to duplicate"",""paramType"":""path"",""required"":true,""allowMultiple"":false,""dataType"":""string""}]"
/floorplans,/floorplans.json/building/{buildingId},GET,Get Building,1,"[{""name"":""buildingId"",""description"":""ID of Building to be fetched"",""paramType"":""path"",""required"":true,""allowMultiple"":false,""dataType"":""string""}]"
/floorplans,/floorplans.json/building/{buildingId},PUT,Update Building,2,"[{""name"":""buildingId"",""description"":""ID of Building to update"",""paramType"":""path"",""required"":true,""allowMultiple"":false,""dataType"":""string""},{""description"":""Updated Building"",""paramType"":""body"",""required"":true,""allowMultiple"":false,""dataType"":""BuildingDto""}]"
/floorplans,/floorplans.json/{floorplanId}/arrays,PUT,Set or Update Arrays for Floorplan,2,"[{""name"":""floorplanId"",""description"":""Floorplan ID"",""paramType"":""path"",""required"":true,""allowMultiple"":false,""dataType"":""string""},{""description"":""Arrays to add to or update in Floorplan"",""paramType"":""body"",""required"":true,""allowMultiple"":false,""dataType"":""List[FloorplanArrayDto]""}]"
/floorplans,/floorplans.json/{floorplanId}/arrays,GET,List Arrays for Floorplan,1,"[{""name"":""floorplanId"",""description"":""Floorplan ID to fetch Arrays"",""paramType"":""path"",""required"":true,""allowMultiple"":false,""dataType"":""string""}]"
/floorplans,/floorplans.json/{floorplanId}/heat,GET,Get heat,1,"[{""name"":""floorplanId"",""description"":""Floorplan ID"",""paramType"":""path"",""required"":true,""allowMultiple"":false,""dataType"":""string""}]"
/floorplans,/floorplans.json/{floorplanId}/duplicate,POST,Duplicate Floorplan,1,"[{""name"":""floorplanId"",""description"":""ID of Floorplan to duplicate"",""paramType"":""path"",""required"":true,""allowMultiple"":false,""dataType"":""string""}]"
/floorplans,/floorplans.json/orderFloors,PUT,Order Floorplans,1,"[{""description"":""List of Floorplans to update order"",""paramType"":""body"",""required"":false,""allowMultiple"":false,""dataType"":""List[FloorplanDto]""}]"
/floorplans,/floorplans.json/{buildingId},POST,Add Floorplan,2,"[{""name"":""buildingId"",""description"":""Building ID to add Floorplans to"",""paramType"":""path"",""required"":true,""allowMultiple"":false,""dataType"":""string""},{""description"":""New Floorplans"",""paramType"":""body"",""required"":true,""allowMultiple"":false,""dataType"":""List[FloorplanDto]""}]"
/floorplans,/floorplans.json/{buildingId},PUT,Update Floorplans,2,"[{""name"":""buildingId"",""description"":""Building ID to update Floorplans in"",""paramType"":""path"",""required"":true,""allowMultiple"":false,""dataType"":""string""},{""description"":""Updated Floorplans"",""paramType"":""body"",""required"":true,""allowMultiple"":false,""dataType"":""List[FloorplanDto]""}]"
/floorplans,/floorplans.json/building,GET,List Buildings,4,"[{""name"":""start"",""description"":""The start index of the return list, default as 0"",""paramType"":""query"",""required"":false,""allowMultiple"":false,""dataType"":""int""},{""name"":""count"",""description"":""The size of the return list, default as 50"",""paramType"":""query"",""required"":false,""allowMultiple"":false,""dataType"":""int""},{""name"":""sortBy"",""description"":""The property by which the returned list is sorted, default as 'name'"",""paramType"":""query"",""allowableValues"":{""valueType"":""LIST"",""values"":[""name"",""floorCount""]},""required"":false,""allowMultiple"":false,""dataType"":""string""},{""name"":""sortOrder"",""description"":""Sort order, default as 'asc'"",""paramType"":""query"",""allowableValues"":{""valueType"":""LIST"",""values"":[""asc"",""desc""]},""required"":false,""allowMultiple"":false,""dataType"":""string""}]"
/floorplans,/floorplans.json/building,POST,Add Building,1,"[{""description"":""New Building"",""paramType"":""body"",""required"":true,""allowMultiple"":false,""dataType"":""BuildingDto""}]"
/floorplans,/floorplans.json/building,DELETE,Delete Building,1,"[{""description"":""Building IDs"",""paramType"":""body"",""required"":true,""allowMultiple"":false,""dataType"":""List[string]""}]"
/floorplans,/floorplans.json/{buildingId}/floors,GET,List Floorplans for Building,1,"[{""name"":""buildingId"",""description"":""ID of Building for Floors to be fetched"",""paramType"":""path"",""required"":true,""allowMultiple"":false,""dataType"":""string""}]"
/floorplans,/floorplans.json/{floorplanId},GET,Get Floorplan,1,"[{""name"":""floorplanId"",""description"":""ID of Floorplan to be fetched"",""paramType"":""path"",""required"":true,""allowMultiple"":false,""dataType"":""string""}]"
/floorplans,/floorplans.json/,DELETE,Delete Floorplan,1,"[{""description"":""Floorplan IDs"",""paramType"":""body"",""required"":true,""allowMultiple"":false,""dataType"":""List[string]""}]"
/floorplans,/floorplans.json/arrays,GET,List Arrays,0,[]
/tenants,/tenants.json/suspend/{tenantId},PUT,Suspend Tenant,1,"[{""name"":""tenantId"",""description"":""ID of Tenant to suspend"",""paramType"":""path"",""required"":true,""allowMultiple"":false,""dataType"":""string""}]"
/tenants,/tenants.json/resume/{tenantId},PUT,Resume Suspended Tenant,1,"[{""name"":""tenantId"",""description"":""ID of Tenant to resume"",""paramType"":""path"",""required"":true,""allowMultiple"":false,""dataType"":""string""}]"
/tenants,/tenants.json/name/{tenantName},GET,Get Tenant by Name,5,"[{""name"":""tenantName"",""description"":""Name of Tenant to be fetched"",""paramType"":""path"",""required"":true,""allowMultiple"":false,""dataType"":""string""},{""name"":""start"",""description"":""The start index of the return list, default as 0"",""paramType"":""query"",""required"":false,""allowMultiple"":false,""dataType"":""int""},{""name"":""count"",""description"":""The size of the return list, default as 50"",""paramType"":""query"",""required"":false,""allowMultiple"":false,""dataType"":""int""},{""name"":""sortBy"",""description"":""The property by which the returned list is sorted, default as 'name'"",""paramType"":""query"",""allowableValues"":{""valueType"":""LIST"",""values"":[""name"",""erpId""]},""required"":false,""allowMultiple"":false,""dataType"":""string""},{""name"":""sortOrder"",""description"":""Sort order, default as 'asc'"",""paramType"":""query"",""allowableValues"":{""valueType"":""LIST"",""values"":[""asc"",""desc""]},""required"":false,""allowMultiple"":false,""dataType"":""string""}]"
/tenants,/tenants.json/maintenance/{tenantId},PUT,Update Tenant Maintenance Window,2,"[{""name"":""tenantId"",""description"":""ID of Tenant to be updated"",""paramType"":""path"",""required"":true,""allowMultiple"":false,""dataType"":""string""},{""description"":""Updated Tenant Maintenance Window"",""paramType"":""body"",""required"":true,""allowMultiple"":false,""dataType"":""TenantMaintenanceWindowDto""}]"
/tenants,/tenants.json/maintenance/{tenantId},GET,Get Tenant Maintenance Window,1,"[{""name"":""tenantId"",""description"":""ID of Tenant"",""paramType"":""path"",""required"":true,""allowMultiple"":false,""dataType"":""string""}]"
/tenants,/tenants.json/search,GET,Search Tenant,1,"[{""name"":""search"",""description"":""Search value"",""paramType"":""query"",""required"":false,""allowMultiple"":false,""dataType"":""string""}]"
/tenants,/tenants.json/backoffice/arrays/summary/{tenantId},GET,Get Array counts for Tenant,1,"[{""name"":""tenantId"",""description"":""ID of Tenant to fetch Array summary"",""paramType"":""path"",""required"":true,""allowMultiple"":false,""dataType"":""string""}]"
/tenants,/tenants.json/circles,GET,List Tenants For Circles,4,"[{""name"":""start"",""description"":""The start index of the return list, default as 0"",""paramType"":""query"",""required"":false,""allowMultiple"":false,""dataType"":""int""},{""name"":""count"",""description"":""The size of the return list, default as 50"",""paramType"":""query"",""required"":false,""allowMultiple"":false,""dataType"":""int""},{""name"":""sortBy"",""description"":""The property by which the returned list is sorted, default as 'name'"",""paramType"":""query"",""allowableValues"":{""valueType"":""LIST"",""values"":[""name"",""erpId""]},""required"":false,""allowMultiple"":false,""dataType"":""string""},{""name"":""sortOrder"",""description"":""Sort order, default as 'asc'"",""paramType"":""query"",""allowableValues"":{""valueType"":""LIST"",""values"":[""asc"",""desc""]},""required"":false,""allowMultiple"":false,""dataType"":""string""}]"
/tenants,/tenants.json/{tenantId},GET,Get Tenant,1,"[{""name"":""tenantId"",""description"":""ID of Tenant that needs to be fetched"",""paramType"":""path"",""required"":true,""allowMultiple"":false,""dataType"":""string""}]"
/tenants,/tenants.json/{tenantId},PUT,Update Tenant,2,"[{""name"":""tenantId"",""description"":""ID of Tenant to be updated"",""paramType"":""path"",""required"":true,""allowMultiple"":false,""dataType"":""string""},{""description"":""Updated Tenant"",""paramType"":""body"",""required"":true,""allowMultiple"":false,""dataType"":""TenantDto""}]"
/tenants,/tenants.json/{tenantId},DELETE,Delete Tenant,1,"[{""name"":""tenantId"",""description"":""ID of Tenant that needs to be deleted"",""paramType"":""path"",""required"":true,""allowMultiple"":false,""dataType"":""string""}]"
/tenants,/tenants.json/erp-id/{erpId},GET,Get Tenant by ERP-ID,1,"[{""name"":""erpId"",""description"":""ERP-ID of Tenant to be fetched"",""paramType"":""path"",""required"":true,""allowMultiple"":false,""dataType"":""string""}]"
/tenants,/tenants.json/current,GET,Get current Tenant,0,[]
/tenants,/tenants.json/,POST,Add Tenant,1,"[{""description"":""New Tenant"",""paramType"":""body"",""required"":true,""allowMultiple"":false,""dataType"":""TenantDto""}]"
/tenants,/tenants.json/,GET,List Tenants,4,"[{""name"":""start"",""description"":""The start index of the return list, default as 0"",""paramType"":""query"",""required"":false,""allowMultiple"":false,""dataType"":""int""},{""name"":""count"",""description"":""The size of the return list, default as 50"",""paramType"":""query"",""required"":false,""allowMultiple"":false,""dataType"":""int""},{""name"":""sortBy"",""description"":""The property by which the returned list is sorted, default as 'name'"",""paramType"":""query"",""allowableValues"":{""valueType"":""LIST"",""values"":[""name"",""erpId""]},""required"":false,""allowMultiple"":false,""dataType"":""string""},{""name"":""sortOrder"",""description"":""Sort order, default as 'asc'"",""paramType"":""query"",""allowableValues"":{""valueType"":""LIST"",""values"":[""asc"",""desc""]},""required"":false,""allowMultiple"":false,""dataType"":""string""}]"
/tenants,/tenants.json/shard/{shardId},POST,Add Tenant to specified Shard,2,"[{""name"":""shardId"",""description"":""ID of Shard where Tenant to be created"",""paramType"":""path"",""required"":true,""allowMultiple"":false,""dataType"":""string""},{""description"":""New Tenant"",""paramType"":""body"",""required"":true,""allowMultiple"":false,""dataType"":""TenantDto""}]"
/tenants,/tenants.json/{tenantId}/arrays,GET,List Arrays for Tenant,5,"[{""name"":""tenantId"",""description"":""ID of Tenant whose Arrays need to be fetched"",""paramType"":""path"",""required"":true,""allowMultiple"":false,""dataType"":""string""},{""name"":""start"",""description"":""The start index of the return list, default as 0"",""paramType"":""query"",""required"":false,""allowMultiple"":false,""dataType"":""int""},{""name"":""count"",""description"":""The size of the return list, default as 50"",""paramType"":""query"",""required"":false,""allowMultiple"":false,""dataType"":""int""},{""name"":""sortBy"",""description"":""The property by which the returned list is sorted, default as 'baseMacAddress'"",""paramType"":""query"",""allowableValues"":{""valueType"":""LIST"",""values"":[""baseMacAddress"",""actualIpAddress"",""serialNumber"",""aosVersion"",""activationStatus"",""recentActivation"",""hostName"",""location"",""onlineStatus"",""actualNetmask"",""actualGateway"",""licenseKey"",""licensedAosVersion"",""arrayModel"",""manufacturer"",""baseIapMacAddress"",""profileName"",""clients"",""rxBytes"",""txBytes"",""totalBytes""]},""required"":false,""allowMultiple"":false,""dataType"":""string""},{""name"":""sortOrder"",""description"":""Sort order, default as 'asc'"",""paramType"":""query"",""allowableValues"":{""valueType"":""LIST"",""values"":[""asc"",""desc""]},""required"":false,""allowMultiple"":false,""dataType"":""string""}]"
/tenants,/tenants.json/{tenantId}/arrays,POST,Add Arrays to Tenant,2,"[{""name"":""tenantId"",""description"":""ID of Tenant to add Arrays"",""paramType"":""path"",""required"":true,""allowMultiple"":false,""dataType"":""string""},{""description"":""List of new Arrays"",""paramType"":""body"",""required"":true,""allowMultiple"":false,""dataType"":""List[XirrusArrayDto]""}]"
/tenants,/tenants.json/{tenantId}/arrays,PUT,Assign Arrays to Tenant,2,"[{""name"":""tenantId"",""description"":""ID of Tenant to whom the Arrays need to be assigned"",""paramType"":""path"",""required"":true,""allowMultiple"":false,""dataType"":""string""},{""description"":""The list of Array IDs"",""paramType"":""body"",""required"":true,""allowMultiple"":false,""dataType"":""List[string]""}]"
/tenants,/tenants.json/{tenantId}/arrays/{arrayId},PUT,Update Array for Tenant,3,"[{""name"":""tenantId"",""description"":""ID of Tenant whose Array needs to be updated"",""paramType"":""path"",""required"":true,""allowMultiple"":false,""dataType"":""string""},{""name"":""arrayId"",""description"":""ID of Array to be updated"",""paramType"":""path"",""required"":true,""allowMultiple"":false,""dataType"":""string""},{""description"":""Updated Array"",""paramType"":""body"",""required"":true,""allowMultiple"":false,""dataType"":""XirrusArrayDto""}]"
/tenants,/tenants.json/{tenantId}/arrays/{arrayId},DELETE,Delete Array for Tenant,2,"[{""name"":""tenantId"",""description"":""ID of Tenant whose Array needs to be deleted"",""paramType"":""path"",""required"":true,""allowMultiple"":false,""dataType"":""string""},{""name"":""arrayId"",""description"":""ID of Array that needs to be deleted"",""paramType"":""path"",""required"":true,""allowMultiple"":false,""dataType"":""string""}]"
/tenants,/tenants.json/{tenantId}/users,GET,List Users for Tenant,5,"[{""name"":""tenantId"",""description"":""ID of Tenant whose users need to be fetched"",""paramType"":""path"",""required"":true,""allowMultiple"":false,""dataType"":""string""},{""name"":""start"",""description"":""The start index of the return list, default as 0"",""paramType"":""query"",""required"":false,""allowMultiple"":false,""dataType"":""int""},{""name"":""count"",""description"":""The size of the return list, default as 50"",""paramType"":""query"",""required"":false,""allowMultiple"":false,""dataType"":""int""},{""name"":""sortBy"",""description"":""The property by which the returned list is sorted, default as 'email'"",""paramType"":""query"",""allowableValues"":{""valueType"":""LIST"",""values"":[""email""]},""required"":false,""allowMultiple"":false,""dataType"":""string""},{""name"":""sortOrder"",""description"":""Sort order, default as 'asc'"",""paramType"":""query"",""allowableValues"":{""valueType"":""LIST"",""values"":[""asc"",""desc""]},""required"":false,""allowMultiple"":false,""dataType"":""string""}]"
/tenants,/tenants.json/{tenantId}/users,POST,Add User for Tenant,2,"[{""name"":""tenantId"",""description"":""ID of Tenant whose User needs to be added"",""paramType"":""path"",""required"":true,""allowMultiple"":false,""dataType"":""string""},{""description"":""New User"",""paramType"":""body"",""required"":true,""allowMultiple"":false,""dataType"":""UserDto""}]"
/tenants,/tenants.json/{tenantId}/users/{userId},GET,Get User for Tenant,2,"[{""name"":""tenantId"",""description"":""ID of Tenant whose User needs to be fetched"",""paramType"":""path"",""required"":true,""allowMultiple"":false,""dataType"":""string""},{""name"":""userId"",""description"":""ID of User that needs to be fetched"",""paramType"":""path"",""required"":true,""allowMultiple"":false,""dataType"":""string""}]"
/tenants,/tenants.json/{tenantId}/users/{userId},PUT,Update User for Tenant,3,"[{""name"":""tenantId"",""description"":""ID of Tenant whose User needs to be updated"",""paramType"":""path"",""required"":true,""allowMultiple"":false,""dataType"":""string""},{""name"":""userId"",""description"":""ID of User to be updated"",""paramType"":""path"",""required"":true,""allowMultiple"":false,""dataType"":""string""},{""description"":""Updated User"",""paramType"":""body"",""required"":true,""allowMultiple"":false,""dataType"":""UserDto""}]"
/tenants,/tenants.json/{tenantId}/users/{userId},DELETE,Delete User for Tenant,2,"[{""name"":""tenantId"",""description"":""ID of Tenant whose User needs to be deleted"",""paramType"":""path"",""required"":true,""allowMultiple"":false,""dataType"":""string""},{""name"":""userId"",""description"":""ID of User who needs to be deleted"",""paramType"":""path"",""required"":true,""allowMultiple"":false,""dataType"":""string""}]"
/tenants,/tenants.json/{tenantId}/users/email/{email},GET,Get User for Tenant by email,2,"[{""name"":""tenantId"",""description"":""ID of Tenant whose User needs to be fetched"",""paramType"":""path"",""required"":true,""allowMultiple"":false,""dataType"":""string""},{""name"":""email"",""description"":""email of User who needs to be fetched"",""paramType"":""path"",""required"":true,""allowMultiple"":false,""dataType"":""string""}]"
/tenants,/tenants.json/{tenantId}/auditlog,GET,List Audit Logs for Date Range for Tenant,5,"[{""name"":""tenantId"",""description"":""ID of Tenant whose Audit Log needs to be fetched"",""paramType"":""path"",""required"":true,""allowMultiple"":false,""dataType"":""string""},{""name"":""start"",""description"":""The start index of the return list, default as 0"",""paramType"":""query"",""required"":false,""allowMultiple"":false,""dataType"":""int""},{""name"":""count"",""description"":""The size of the return list, default as 50"",""paramType"":""query"",""required"":false,""allowMultiple"":false,""dataType"":""int""},{""name"":""sortBy"",""description"":""The property by which the returned list is sorted, default as 'startTime'"",""paramType"":""query"",""allowableValues"":{""valueType"":""LIST"",""values"":[""startTime""]},""required"":false,""allowMultiple"":false,""dataType"":""string""},{""name"":""sortOrder"",""description"":""Sort order, default as 'asc'"",""paramType"":""query"",""allowableValues"":{""valueType"":""LIST"",""values"":[""asc"",""desc""]},""required"":false,""allowMultiple"":false,""dataType"":""string""}]"
/tenants,/tenants.json/maintenance,GET,Get Current Tenant Maintenance Window,0,[]
/tenants,/tenants.json/maintenance,PUT,Update Current Tenant Maintenance Window,1,"[{""description"":""Updated Tenant Maintenance Window"",""paramType"":""body"",""required"":true,""allowMultiple"":false,""dataType"":""TenantMaintenanceWindowDto""}]"
/tenants,/tenants.json/backoffice/arrays/{tenantId},GET,List backoffice information for Arrays for Tenant,5,"[{""name"":""tenantId"",""description"":""ID of Tenant whose Arrays need to be fetched"",""paramType"":""path"",""required"":true,""allowMultiple"":false,""dataType"":""string""},{""name"":""start"",""description"":""The start index of the return list, default as 0"",""paramType"":""query"",""required"":false,""allowMultiple"":false,""dataType"":""int""},{""name"":""count"",""description"":""The size of the return list, default as 50"",""paramType"":""query"",""required"":false,""allowMultiple"":false,""dataType"":""int""},{""name"":""sortBy"",""description"":""The property by which the returned list is sorted, default as 'baseMacAddress'"",""paramType"":""query"",""allowableValues"":{""valueType"":""LIST"",""values"":[""baseMacAddress"",""aosVersion"",""activationStatus""]},""required"":false,""allowMultiple"":false,""dataType"":""string""},{""name"":""sortOrder"",""description"":""Sort order, default as 'asc'"",""paramType"":""query"",""allowableValues"":{""valueType"":""LIST"",""values"":[""asc"",""desc""]},""required"":false,""allowMultiple"":false,""dataType"":""string""}]"
/tenants,/tenants.json/backoffice/clients/summary/{tenantId},GET,Get Client summary for Tenant,1,"[{""name"":""tenantId"",""description"":""ID of Tenant to fetch Client summary"",""paramType"":""path"",""required"":true,""allowMultiple"":false,""dataType"":""string""}]"
/tenants,/tenants.json/scope/{tenantId},PUT,Set Tenant Scope,1,"[{""name"":""tenantId"",""description"":""ID of Tenant to scope context"",""paramType"":""path"",""required"":true,""allowMultiple"":false,""dataType"":""string""}]"
/tenants,/tenants.json/scope/clear,PUT,Reset Tenant Scope to default,0,[]
/shards,/shards.json/{shardId},PUT,Update Shard,2,"[{""name"":""shardId"",""description"":""ID of Shard to be updated"",""paramType"":""path"",""required"":true,""allowMultiple"":false,""dataType"":""string""},{""description"":""Updated Shard"",""paramType"":""body"",""required"":true,""allowMultiple"":false,""dataType"":""ShardDto""}]"
/shards,/shards.json/{shardId},DELETE,Delete Shard,1,"[{""name"":""shardId"",""description"":""ID of Shard that needs to be deleted"",""paramType"":""path"",""required"":true,""allowMultiple"":false,""dataType"":""string""}]"
/shards,/shards.json/{shardId},GET,Get Shard,1,"[{""name"":""shardId"",""description"":""ID of Shard that needs to be fetched"",""paramType"":""path"",""required"":true,""allowMultiple"":false,""dataType"":""string""}]"
/shards,/shards.json/{shardId}/tenant/{tenantId},PUT,Assign Suspended Tenant to Shard,2,"[{""name"":""shardId"",""description"":""ID of Shard to which Tenant needs to be assigned"",""paramType"":""path"",""required"":true,""allowMultiple"":false,""dataType"":""string""},{""name"":""tenantId"",""description"":""ID of Tenant to assign"",""paramType"":""path"",""required"":true,""allowMultiple"":false,""dataType"":""string""}]"
/shards,/shards.json/,GET,List all Shards,4,"[{""name"":""start"",""description"":""The start index of the return list, default as 0"",""paramType"":""query"",""required"":false,""allowMultiple"":false,""dataType"":""int""},{""name"":""count"",""description"":""The size of the return list, default as 50"",""paramType"":""query"",""required"":false,""allowMultiple"":false,""dataType"":""int""},{""name"":""sortBy"",""description"":""The property by which the returned list is sorted, default as 'name'"",""paramType"":""query"",""allowableValues"":{""valueType"":""LIST"",""values"":[""name"",""capacity""]},""required"":false,""allowMultiple"":false,""dataType"":""string""},{""name"":""sortOrder"",""description"":""Sort order, default as 'desc'"",""paramType"":""query"",""allowableValues"":{""valueType"":""LIST"",""values"":[""asc"",""desc""]},""required"":false,""allowMultiple"":false,""dataType"":""string""}]"
/shards,/shards.json/,POST,Add Shard,1,"[{""description"":""New Shard"",""paramType"":""body"",""required"":true,""allowMultiple"":false,""dataType"":""ShardDto""}]"
/userproperties,/userproperties.json/dashboard/,GET,Get Dashboards for current User,0,[]
/userproperties,/userproperties.json/dashboard/,PUT,Save Dashboards,1,"[{""description"":""Dashboards"",""paramType"":""body"",""required"":true,""allowMultiple"":false,""dataType"":""UserDashboardDto""}]"
/userproperties,/userproperties.json/grid/{gridName},PUT,Save Grid,2,"[{""name"":""gridName"",""description"":""Grid name"",""paramType"":""path"",""required"":true,""allowMultiple"":false,""dataType"":""string""},{""description"":""Grid"",""paramType"":""body"",""required"":true,""allowMultiple"":false,""dataType"":""UserGridDto""}]"
/userproperties,/userproperties.json/grid/{gridName},GET,Get Grid by name,1,"[{""name"":""gridName"",""description"":""Grid name"",""paramType"":""path"",""required"":true,""allowMultiple"":false,""dataType"":""string""}]"
/userproperties,/userproperties.json/preferences/,GET,Get current User's Preferences,0,[]
/userproperties,/userproperties.json/preferences/,PUT,Save User Preferences,1,"[{""description"":""User Preferences"",""paramType"":""body"",""required"":true,""allowMultiple"":false,""dataType"":""UserPreferencesDto""}]"
/userproperties,/userproperties.json/floorplan/{floorplanId},GET,Get Floorplan settings for current User,1,"[{""name"":""floorplanId"",""description"":""Floorplan ID"",""paramType"":""path"",""required"":true,""allowMultiple"":false,""dataType"":""string""}]"
/userproperties,/userproperties.json/floorplan/{floorplanId},PUT,Save Floorplan settings,2,"[{""name"":""floorplanId"",""description"":""Floorplan ID"",""paramType"":""path"",""required"":true,""allowMultiple"":false,""dataType"":""string""},{""description"":""Floorplan preferences"",""paramType"":""body"",""required"":true,""allowMultiple"":false,""dataType"":""FloorplanPreferencesDto""}]"
/profiles,/profiles.json/default,GET,Get default Profile,0,[]
/profiles,/profiles.json/{profileId}/default,PUT,Assign default Profile,1,"[{""name"":""profileId"",""description"":""Profile ID to assign as default"",""paramType"":""path"",""required"":true,""allowMultiple"":false,""dataType"":""string""}]"
/profiles,/profiles.json/default/clear,PUT,Clear default Profile,0,[]
/profiles,/profiles.json/captiveportal/,POST,Validator Captive Portal,1,"[{""description"":""Captive Portal object"",""paramType"":""body"",""required"":true,""allowMultiple"":false,""dataType"":""CaptivePortalDto""}]"
/profiles,/profiles.json/{profileId},POST,Duplicate Profile,1,"[{""name"":""profileId"",""description"":""Profile ID to duplicate"",""paramType"":""path"",""required"":true,""allowMultiple"":false,""dataType"":""string""}]"
/profiles,/profiles.json/{profileId},GET,Get Profile,1,"[{""name"":""profileId"",""description"":""ID of Profile that needs to be fetched"",""paramType"":""path"",""required"":true,""allowMultiple"":false,""dataType"":""string""}]"
/profiles,/profiles.json/{profileId},PUT,Update Profile,2,"[{""name"":""profileId"",""description"":""ID of Profile to be updated"",""paramType"":""path"",""required"":true,""allowMultiple"":false,""dataType"":""string""},{""description"":""Updated Profile"",""paramType"":""body"",""required"":true,""allowMultiple"":false,""dataType"":""ProfileDto""}]"
/profiles,/profiles.json/{profileId},DELETE,Delete Profile,1,"[{""name"":""profileId"",""description"":""ID of Profile that needs to be deleted"",""paramType"":""path"",""required"":true,""allowMultiple"":false,""dataType"":""string""}]"
/profiles,/profiles.json/{profileId}/configuration,GET,Get Profile Configuration,1,"[{""name"":""profileId"",""description"":""ID of Profile whose Configuration needs to be fetched"",""paramType"":""path"",""required"":true,""allowMultiple"":false,""dataType"":""string""}]"
/profiles,/profiles.json/{profileId}/configuration,PUT,Create or update Profile Configuration,2,"[{""name"":""profileId"",""description"":""Profile ID to update Configuration for"",""paramType"":""path"",""required"":true,""allowMultiple"":false,""dataType"":""string""},{""description"":""Profile Configuration"",""paramType"":""body"",""required"":true,""allowMultiple"":false,""dataType"":""ProfileConfigurationDto""}]"
/profiles,/profiles.json/,GET,List Profiles,4,"[{""name"":""start"",""description"":""The start index of the return list, default as 0"",""paramType"":""query"",""required"":false,""allowMultiple"":false,""dataType"":""int""},{""name"":""count"",""description"":""The size of the return list, default as 50"",""paramType"":""query"",""required"":false,""allowMultiple"":false,""dataType"":""int""},{""name"":""sortBy"",""description"":""The property by which the returned list is sorted, default as 'name'"",""paramType"":""query"",""allowableValues"":{""valueType"":""LIST"",""values"":[""name""]},""required"":false,""allowMultiple"":false,""dataType"":""string""},{""name"":""sortOrder"",""description"":""Sort order, default as 'asc'"",""paramType"":""query"",""allowableValues"":{""valueType"":""LIST"",""values"":[""asc"",""desc""]},""required"":false,""allowMultiple"":false,""dataType"":""string""}]"
/profiles,/profiles.json/,POST,Add Profile,1,"[{""description"":""New Profile"",""paramType"":""body"",""required"":true,""allowMultiple"":false,""dataType"":""ProfileDto""}]"
/profiles,/profiles.json/{profileId}/arrays,GET,List Arrays assigned to Profile,5,"[{""name"":""profileId"",""description"":""ID of Profile whose Arrays need to be fetched"",""paramType"":""path"",""required"":true,""allowMultiple"":false,""dataType"":""string""},{""name"":""start"",""description"":""The start index of the return list, default as 0"",""paramType"":""query"",""required"":false,""allowMultiple"":false,""dataType"":""int""},{""name"":""count"",""description"":""The size of the return list, default as 50"",""paramType"":""query"",""required"":false,""allowMultiple"":false,""dataType"":""int""},{""name"":""sortBy"",""description"":""The property by which the returned list is sorted, default as 'baseMacAddress'"",""paramType"":""query"",""allowableValues"":{""valueType"":""LIST"",""values"":[""baseMacAddress"",""ipAddress"",""serialNumber"",""aosVersion"",""activationStatus"",""hostName"",""location"",""onlineStatus"",""netmask"",""gateway"",""licenseKey"",""licensedAosVersion"",""arrayModel"",""manufacturer"",""baseIapMacAddress""]},""required"":false,""allowMultiple"":false,""dataType"":""string""},{""name"":""sortOrder"",""description"":""Sort order, default as 'asc'"",""paramType"":""query"",""allowableValues"":{""valueType"":""LIST"",""values"":[""asc"",""desc""]},""required"":false,""allowMultiple"":false,""dataType"":""string""}]"
/profiles,/profiles.json/{profileId}/arrays,PUT,Assign Arrays to Profile,2,"[{""name"":""profileId"",""description"":""Profile ID to assign Arrays to"",""paramType"":""path"",""required"":true,""allowMultiple"":false,""dataType"":""string""},{""description"":""The list of Array IDs"",""paramType"":""body"",""required"":true,""allowMultiple"":false,""dataType"":""List[string]""}]"
/profiles,/profiles.json/{profileId}/arrays,DELETE,Remove Arrays from Profile,2,"[{""name"":""profileId"",""description"":""ID of Profile to remove Arrays from"",""paramType"":""path"",""required"":true,""allowMultiple"":false,""dataType"":""string""},{""description"":""List of Array IDs to remove"",""paramType"":""body"",""required"":true,""allowMultiple"":false,""dataType"":""List[string]""}]"
/profiles,/profiles.json/{profileId}/clients/,GET,List Clients,5,"[{""name"":""profileId"",""description"":""ID of Profile whose Clients need to be fetched"",""paramType"":""path"",""required"":true,""allowMultiple"":false,""dataType"":""string""},{""name"":""start"",""description"":""The start index of the return list, default as 0"",""paramType"":""query"",""required"":false,""allowMultiple"":false,""dataType"":""int""},{""name"":""count"",""description"":""The size of the return list, default as 50"",""paramType"":""query"",""required"":false,""allowMultiple"":false,""dataType"":""int""},{""name"":""sortBy"",""description"":""The property by which the returned list is sorted, default as 'deviceType'"",""paramType"":""query"",""allowableValues"":{""valueType"":""LIST"",""values"":[""clientMacAddress"",""clientHostName"",""capability"",""lastSeen"",""manufacturer"",""deviceType"",""deviceClass"",""online"",""ipAddress"",""activeHostIp"",""operatingMode"",""lastArrayHostName"",""location"",""sessionLength"",""rssi"",""txConnectRate"",""rxConnectRate"",""band"",""channel"",""iap"",""txthroughput"",""rxthroughput"",""throughput"",""totalBytes"",""txTotalRetries"",""txTotalErrors"",""txPackets"",""txBytes"",""rxTotalRetries"",""rxTotalErrors"",""rxPackets"",""rxBytes"",""retryPct"",""errorPct"",""keyMgmt"",""encType"",""cipher"",""ssid"",""vlan"",""userName"",""status"",""onlineStatus""]},""required"":false,""allowMultiple"":false,""dataType"":""string""},{""name"":""sortOrder"",""description"":""Sort order, default as 'asc'"",""paramType"":""query"",""allowableValues"":{""valueType"":""LIST"",""values"":[""asc"",""desc""]},""required"":false,""allowMultiple"":false,""dataType"":""string""}]"
/profiles,/profiles.json/{profileId}/settings/,GET,Profile Settings,1,"[{""name"":""profileId"",""description"":""ID of Profile to get settings"",""paramType"":""path"",""required"":true,""allowMultiple"":false,""dataType"":""string""}]"
/profiles,/profiles.json/ssids,GET,List all SSIDs,0,[]
/sfdc,/sfdc.json/customerData,GET,import customer data,0,[]
/resource,/resource.json/floorplan/{floorplanId}/image,GET,Get an image given its floorplan ID,1,"[{""name"":""floorplanId"",""description"":""The floorplan ID"",""paramType"":""path"",""required"":true,""allowMultiple"":false,""dataType"":""string""}]"
/resource,/resource.json/heat/{floorplanId}/{filename},GET,Get a heat image given its floorplan ID and filter parameters,2,"[{""name"":""floorplanId"",""description"":""The floorplan ID"",""paramType"":""path"",""required"":true,""allowMultiple"":false,""dataType"":""string""},{""name"":""filename"",""description"":""Filename"",""paramType"":""path"",""required"":true,""allowMultiple"":false,""dataType"":""string""}]"
/resource,/resource.json/floorplan/{floorplanId}/thumb,GET,Get an image thumbnail given its floorplan ID,1,"[{""name"":""floorplanId"",""description"":""The floorplan ID"",""paramType"":""path"",""required"":true,""allowMultiple"":false,""dataType"":""string""}]"
/guestaccess,/guestaccess.json/search,GET,Search for a Guest,8,"[{""name"":""portalId"",""description"":""Guest Access Portal Id"",""paramType"":""query"",""required"":false,""allowMultiple"":false,""dataType"":""string""},{""name"":""value"",""description"":""Value to find"",""paramType"":""query"",""required"":true,""allowMultiple"":false,""dataType"":""string""},{""name"":""field"",""description"":""Fields to search on"",""paramType"":""query"",""required"":true,""allowMultiple"":false,""dataType"":""string""},{""name"":""types"",""description"":""Searching types"",""paramType"":""query"",""required"":true,""allowMultiple"":false,""dataType"":""GuestSearchTypeDto""},{""name"":""start"",""description"":""The start index of the return list, default as 0"",""paramType"":""query"",""required"":false,""allowMultiple"":false,""dataType"":""int""},{""name"":""count"",""description"":""The size of the return list, default as 50"",""paramType"":""query"",""required"":false,""allowMultiple"":false,""dataType"":""int""},{""name"":""sortBy"",""description"":""The property by which the returned list is sorted, default is 'name'"",""paramType"":""query"",""allowableValues"":{""valueType"":""LIST"",""values"":[""name"",""email""]},""required"":false,""allowMultiple"":false,""dataType"":""string""},{""name"":""sortOrder"",""description"":""Sort order, default as 'asc'"",""paramType"":""query"",""allowableValues"":{""valueType"":""LIST"",""values"":[""asc"",""desc""]},""required"":false,""allowMultiple"":false,""dataType"":""string""}]"
/guestaccess,/guestaccess.json/gap/ssid,DELETE,Delete Ssids (For XMS-E Only),1,"[{""description"":""SSID Names"",""paramType"":""body"",""required"":true,""allowMultiple"":false,""dataType"":""List[string]""}]"
/guestaccess,/guestaccess.json/gap/{portalId}/configuration,GET,Get Guest Access Portal Configuration,1,"[{""name"":""portalId"",""description"":""Guest Access Portal ID to fetch Configuration"",""paramType"":""path"",""required"":true,""allowMultiple"":false,""dataType"":""string""}]"
/guestaccess,/guestaccess.json/gap/{portalId}/configuration,PUT,Create or update Guest Access Portal Configuration,2,"[{""name"":""portalId"",""description"":""Guest Access Portal ID to update Configuration for"",""paramType"":""path"",""required"":true,""allowMultiple"":false,""dataType"":""string""},{""description"":""Portal Configuration"",""paramType"":""body"",""required"":true,""allowMultiple"":false,""dataType"":""GuestAccessPortalConfigurationDto""}]"
/guestaccess,/guestaccess.json/gap/{portalId}/ssids,PUT,Assign SSIDs to Portal,2,"[{""name"":""portalId"",""description"":""Portal ID to assign Arrays to"",""paramType"":""path"",""required"":true,""allowMultiple"":false,""dataType"":""string""},{""description"":""The list of SSIDs"",""paramType"":""body"",""required"":true,""allowMultiple"":false,""dataType"":""List[GuestSsidDto]""}]"
/guestaccess,/guestaccess.json/,GET,List all Guests,4,"[{""name"":""start"",""description"":""The start index of the return list, default as 0"",""paramType"":""query"",""required"":false,""allowMultiple"":false,""dataType"":""int""},{""name"":""count"",""description"":""The size of the return list, default as 50"",""paramType"":""query"",""required"":false,""allowMultiple"":false,""dataType"":""int""},{""name"":""sortBy"",""description"":""The property by which the returned list is sorted, default as 'name'"",""paramType"":""query"",""allowableValues"":{""valueType"":""LIST"",""values"":[""name"",""company"",""email"",""mobile"",""enabled"",""note"",""accessActivationDate"",""accessTerminationDate""]},""required"":false,""allowMultiple"":false,""dataType"":""string""},{""name"":""sortOrder"",""description"":""Sort order, default as 'asc'"",""paramType"":""query"",""allowableValues"":{""valueType"":""LIST"",""values"":[""asc"",""desc""]},""required"":false,""allowMultiple"":false,""dataType"":""string""}]"
/guestaccess,/guestaccess.json/,DELETE,Delete Guests,1,"[{""description"":""Guest IDs"",""paramType"":""body"",""required"":true,""allowMultiple"":false,""dataType"":""List[string]""}]"
/guestaccess,/guestaccess.json/{portalId}/guest,POST,Add Guest,2,"[{""name"":""portalId"",""description"":""Guest Access Portal Id relation"",""paramType"":""path"",""required"":true,""allowMultiple"":false,""dataType"":""string""},{""description"":""Guests that need access"",""paramType"":""body"",""required"":true,""allowMultiple"":false,""dataType"":""List[GuestDto]""}]"
/guestaccess,/guestaccess.json/{portalId}/guest,GET,List Guests for Guest Access Portal,5,"[{""name"":""portalId"",""description"":""Guest Access Portal Id"",""paramType"":""path"",""required"":true,""allowMultiple"":false,""dataType"":""string""},{""name"":""start"",""description"":""The start index of the return list, default as 0"",""paramType"":""query"",""required"":false,""allowMultiple"":false,""dataType"":""int""},{""name"":""count"",""description"":""The size of the return list, default as 50"",""paramType"":""query"",""required"":false,""allowMultiple"":false,""dataType"":""int""},{""name"":""sortBy"",""description"":""The property by which the returned list is sorted, default as 'name'"",""paramType"":""query"",""allowableValues"":{""valueType"":""LIST"",""values"":[""name"",""company"",""email"",""mobile"",""enabled"",""note"",""accessActivationDate"",""accessTerminationDate""]},""required"":false,""allowMultiple"":false,""dataType"":""string""},{""name"":""sortOrder"",""description"":""Sort order, default as 'asc'"",""paramType"":""query"",""allowableValues"":{""valueType"":""LIST"",""values"":[""asc"",""desc""]},""required"":false,""allowMultiple"":false,""dataType"":""string""}]"
/guestaccess,/guestaccess.json/{guestId},PUT,Update Guest,2,"[{""name"":""guestId"",""description"":""Guest ID to use"",""paramType"":""path"",""required"":true,""allowMultiple"":false,""dataType"":""string""},{""description"":""GuestDto"",""paramType"":""body"",""required"":true,""allowMultiple"":false,""dataType"":""GuestDto""}]"
/guestaccess,/guestaccess.json/{guestId},GET,Get a Guest,1,"[{""name"":""guestId"",""description"":""Guest ID to use"",""paramType"":""path"",""required"":true,""allowMultiple"":false,""dataType"":""string""}]"
/guestaccess,/guestaccess.json/{guestId}/newpassword,POST,Generate new password for Guest,1,"[{""name"":""guestId"",""description"":""ID of Guest to generate new password"",""paramType"":""path"",""required"":true,""allowMultiple"":false,""dataType"":""string""}]"
/guestaccess,/guestaccess.json/{guestId}/sendpassword,PUT,Send password to user,5,"[{""name"":""guestId"",""description"":""Guest ID"",""paramType"":""path"",""required"":true,""allowMultiple"":false,""dataType"":""string""},{""name"":""password"",""description"":""Password to send"",""paramType"":""query"",""required"":true,""allowMultiple"":false,""dataType"":""string""},{""name"":""token"",""description"":""Password token"",""paramType"":""query"",""required"":true,""allowMultiple"":false,""dataType"":""string""},{""name"":""doEmail"",""description"":""Send via email (default choice)"",""paramType"":""query"",""required"":false,""allowMultiple"":false,""dataType"":""boolean""},{""name"":""doText"",""description"":""Send via text"",""paramType"":""query"",""required"":false,""allowMultiple"":false,""dataType"":""boolean""}]"
/guestaccess,/guestaccess.json/access,PUT,Toggle access,2,"[{""description"":""Guest IDs"",""paramType"":""body"",""required"":true,""allowMultiple"":false,""dataType"":""List[string]""},{""name"":""enable"",""description"":""Toggle access"",""paramType"":""query"",""required"":true,""allowMultiple"":false,""dataType"":""boolean""}]"
/guestaccess,/guestaccess.json/gap/{portalId},GET,Get Guest Access Portal,1,"[{""name"":""portalId"",""description"":""Guest Access Portal ID"",""paramType"":""path"",""required"":true,""allowMultiple"":false,""dataType"":""string""}]"
/guestaccess,/guestaccess.json/gap/{portalId},POST,Copy Guest Access Portal,1,"[{""name"":""portalId"",""description"":""Guest Access Portal ID"",""paramType"":""path"",""required"":true,""allowMultiple"":false,""dataType"":""string""}]"
/guestaccess,/guestaccess.json/gap/{portalId},PUT,Update Guest Access Portal,2,"[{""name"":""portalId"",""description"":""ID of Guest Access Portal to update"",""paramType"":""path"",""required"":true,""allowMultiple"":false,""dataType"":""string""},{""description"":""Guest Access Portal"",""paramType"":""body"",""required"":true,""allowMultiple"":false,""dataType"":""GuestAccessPortalDto""}]"
/guestaccess,/guestaccess.json/gap/{portalId},DELETE,Delete Guest Access Portal,1,"[{""name"":""portalId"",""description"":""ID of Guest Access Portal to delete"",""paramType"":""path"",""required"":true,""allowMultiple"":false,""dataType"":""string""}]"
/guestaccess,/guestaccess.json/gap/,POST,Add Guest Access Portal,1,"[{""description"":""Guest Access Portal"",""paramType"":""body"",""required"":true,""allowMultiple"":false,""dataType"":""GuestAccessPortalDto""}]"
/guestaccess,/guestaccess.json/gap/,GET,List Guest Access Portals,4,"[{""name"":""start"",""description"":""The start index of the return list, default as 0"",""paramType"":""query"",""required"":false,""allowMultiple"":false,""dataType"":""int""},{""name"":""count"",""description"":""The size of the return list, default as 50"",""paramType"":""query"",""required"":false,""allowMultiple"":false,""dataType"":""int""},{""name"":""sortBy"",""description"":""The property by which the returned list is sorted, default as 'name'"",""paramType"":""query"",""allowableValues"":{""valueType"":""LIST"",""values"":[""name"",""type""]},""required"":false,""allowMultiple"":false,""dataType"":""string""},{""name"":""sortOrder"",""description"":""Sort order, default as 'asc'"",""paramType"":""query"",""allowableValues"":{""valueType"":""LIST"",""values"":[""asc"",""desc""]},""required"":false,""allowMultiple"":false,""dataType"":""string""}]"
/guestaccess,/guestaccess.json/gap/ssid/{gapId},PUT,Add SSIDs to Guest Access Portal (For XMS-E Only),2,"[{""name"":""gapId"",""description"":""ID of Guest Access Portal to update"",""paramType"":""path"",""required"":true,""allowMultiple"":false,""dataType"":""string""},{""description"":""SSID Names"",""paramType"":""body"",""required"":true,""allowMultiple"":false,""dataType"":""List[string]""}]"
/tenantcircles,/tenantcircles.json/,GET,List Tenant Circles,4,"[{""name"":""start"",""description"":""The start index of the return list, default as 0"",""paramType"":""query"",""required"":false,""allowMultiple"":false,""dataType"":""int""},{""name"":""count"",""description"":""The size of the return list, default as 50"",""paramType"":""query"",""required"":false,""allowMultiple"":false,""dataType"":""int""},{""name"":""sortBy"",""description"":""The property by which the returned list is sorted, default as 'name'"",""paramType"":""query"",""allowableValues"":{""valueType"":""LIST"",""values"":[""name""]},""required"":false,""allowMultiple"":false,""dataType"":""string""},{""name"":""sortOrder"",""description"":""Sort order, default as 'asc'"",""paramType"":""query"",""allowableValues"":{""valueType"":""LIST"",""values"":[""asc"",""desc""]},""required"":false,""allowMultiple"":false,""dataType"":""string""}]"
/tenantcircles,/tenantcircles.json/,POST,Add Tenant Circle,1,"[{""description"":""New Tenant Circle"",""paramType"":""body"",""required"":true,""allowMultiple"":false,""dataType"":""TenantCircleDto""}]"
/tenantcircles,/tenantcircles.json/tenants,GET,List Tenants for Circle,5,"[{""name"":""circleId"",""description"":""ID of the Tenant Circle to fetch"",""paramType"":""query"",""required"":true,""allowMultiple"":false,""dataType"":""string""},{""name"":""start"",""description"":""The start index of the return list, default as 0"",""paramType"":""query"",""required"":false,""allowMultiple"":false,""dataType"":""int""},{""name"":""count"",""description"":""The size of the return list, default as 50"",""paramType"":""query"",""required"":false,""allowMultiple"":false,""dataType"":""int""},{""name"":""sortBy"",""description"":""The property by which the returned list is sorted, default as 'name'"",""paramType"":""query"",""allowableValues"":{""valueType"":""LIST"",""values"":[""name"",""erpId""]},""required"":false,""allowMultiple"":false,""dataType"":""string""},{""name"":""sortOrder"",""description"":""Sort order, default as 'asc'"",""paramType"":""query"",""allowableValues"":{""valueType"":""LIST"",""values"":[""asc"",""desc""]},""required"":false,""allowMultiple"":false,""dataType"":""string""}]"
/tenantcircles,/tenantcircles.json/{circleId},DELETE,Delete Tenant Circle,1,"[{""name"":""circleId"",""description"":""ID of Tenant Circle that needs to be deleted"",""paramType"":""path"",""required"":true,""allowMultiple"":false,""dataType"":""string""}]"
/tenantcircles,/tenantcircles.json/{circleId},PUT,Update Tenant Circle,2,"[{""name"":""circleId"",""description"":""ID of Tenant Circle to update"",""paramType"":""path"",""required"":true,""allowMultiple"":false,""dataType"":""string""},{""description"":""Tenant Circle"",""paramType"":""body"",""required"":true,""allowMultiple"":false,""dataType"":""TenantCircleDto""}]"
/tenantcircles,/tenantcircles.json/tenants/{circleId},PUT,Assign Tenants to Circle,2,"[{""name"":""circleId"",""description"":""ID of Tenant Circle to assign to"",""paramType"":""path"",""required"":true,""allowMultiple"":false,""dataType"":""string""},{""description"":""IDs of Tenants to assign"",""paramType"":""body"",""required"":true,""allowMultiple"":false,""dataType"":""List[string]""}]"
/users,/users.json/email/global/{email},GET,Get User by email for any Tenant,1,"[{""name"":""email"",""description"":""email of User who needs to be fetched (global)"",""paramType"":""path"",""required"":true,""allowMultiple"":false,""dataType"":""string""}]"
/users,/users.json/news/reset,GET,Reset Whats New for all Users,0,[]
/users,/users.json/,GET,List Users,4,"[{""name"":""start"",""description"":""The start index of the return list, default as 0"",""paramType"":""query"",""required"":false,""allowMultiple"":false,""dataType"":""int""},{""name"":""count"",""description"":""The size of the return list, default as 50"",""paramType"":""query"",""required"":false,""allowMultiple"":false,""dataType"":""int""},{""name"":""sortBy"",""description"":""The property by which the returned list is sorted, default as 'email'"",""paramType"":""query"",""allowableValues"":{""valueType"":""LIST"",""values"":[""email""]},""required"":false,""allowMultiple"":false,""dataType"":""string""},{""name"":""sortOrder"",""description"":""Sort order, default as 'asc'"",""paramType"":""query"",""allowableValues"":{""valueType"":""LIST"",""values"":[""asc"",""desc""]},""required"":false,""allowMultiple"":false,""dataType"":""string""}]"
/users,/users.json/,POST,Add User,1,"[{""description"":""New User"",""paramType"":""body"",""required"":true,""allowMultiple"":false,""dataType"":""UserDto""}]"
/users,/users.json/{userId},GET,Get User,1,"[{""name"":""userId"",""description"":""ID of User that needs to be fetched"",""paramType"":""path"",""required"":true,""allowMultiple"":false,""dataType"":""string""}]"
/users,/users.json/{userId},PUT,Update User,2,"[{""name"":""userId"",""description"":""ID of User to be updated"",""paramType"":""path"",""required"":true,""allowMultiple"":false,""dataType"":""string""},{""description"":""Updated User"",""paramType"":""body"",""required"":true,""allowMultiple"":false,""dataType"":""UserDto""}]"
/users,/users.json/{userId},DELETE,Delete User,1,"[{""name"":""userId"",""description"":""ID of User who needs to be deleted"",""paramType"":""path"",""required"":true,""allowMultiple"":false,""dataType"":""string""}]"
/users,/users.json/email/{email},GET,Get User by email for current Tenant,1,"[{""name"":""email"",""description"":""email of User who needs to be fetched"",""paramType"":""path"",""required"":true,""allowMultiple"":false,""dataType"":""string""}]"
/users,/users.json/current/password,PUT,Update current logged-in user's password,1,"[{""description"":""Updated Password"",""paramType"":""body"",""required"":true,""allowMultiple"":false,""dataType"":""PasswordDto""}]"
/users,/users.json/scope/,GET,Get TenantUsers,0,[]
/users,/users.json/global,GET,List Users for all Tenants,4,"[{""name"":""start"",""description"":""The start index of the return list, default as 0"",""paramType"":""query"",""required"":false,""allowMultiple"":false,""dataType"":""int""},{""name"":""count"",""description"":""The size of the return list, default as 50"",""paramType"":""query"",""required"":false,""allowMultiple"":false,""dataType"":""int""},{""name"":""sortBy"",""description"":""The property by which the returned list is sorted, default as 'email'"",""paramType"":""query"",""allowableValues"":{""valueType"":""LIST"",""values"":[""email""]},""required"":false,""allowMultiple"":false,""dataType"":""string""},{""name"":""sortOrder"",""description"":""Sort order, default as 'asc'"",""paramType"":""query"",""allowableValues"":{""valueType"":""LIST"",""values"":[""asc"",""desc""]},""required"":false,""allowMultiple"":false,""dataType"":""string""}]"
/users,/users.json/current,GET,Get current logged-in User,0,[]
/users,/users.json/current,PUT,Update current logged-in User,1,"[{""description"":""Updated User"",""paramType"":""body"",""required"":true,""allowMultiple"":false,""dataType"":""UserDto""}]"
/users,/users.json/backoffice/{userId}/password/{password},PUT,Update User's password,2,"[{""name"":""userId"",""description"":""ID of User whose password needs to be updated"",""paramType"":""path"",""required"":true,""allowMultiple"":false,""dataType"":""string""},{""name"":""password"",""description"":""Updated password"",""paramType"":""path"",""required"":true,""allowMultiple"":false,""dataType"":""string""}]"
/users,/users.json/backoffice/email/{email}/password/{password},PUT,Update User's password by e-mail,2,"[{""name"":""email"",""description"":""e-mail of User whose password needs to be updated"",""paramType"":""path"",""required"":true,""allowMultiple"":false,""dataType"":""string""},{""name"":""password"",""description"":""Updated password"",""paramType"":""path"",""required"":true,""allowMultiple"":false,""dataType"":""string""}]"
/tags,/tags.json/arrays/,PUT,Assign Tags to Arrays,1,"[{""description"":""The list of Array Tag mappings"",""paramType"":""body"",""required"":true,""allowMultiple"":false,""dataType"":""List[ArrayTagListDto]""}]"
/tags,/tags.json/{tagName},DELETE,Delete Tag,1,"[{""name"":""tagName"",""description"":""Name of Tag to be deleted"",""paramType"":""path"",""required"":true,""allowMultiple"":false,""dataType"":""string""}]"
/tags,/tags.json/,GET,Get Tags,0,[]
/oauth2,/oauth2.json/clients/clientid/{clientId},GET,Get OAuth2 Client,1,"[{""name"":""clientId"",""description"":""ClientID of the OAuth2 Client which needs to be fetched"",""paramType"":""path"",""required"":true,""allowMultiple"":false,""dataType"":""string""}]"
/oauth2,/oauth2.json/clients,GET,List OAuth2 Clients,4,"[{""name"":""start"",""description"":""The start index of the return list, default as 0"",""paramType"":""query"",""required"":false,""allowMultiple"":false,""dataType"":""int""},{""name"":""count"",""description"":""The size of the return list, default as 50"",""paramType"":""query"",""required"":false,""allowMultiple"":false,""dataType"":""int""},{""name"":""sortBy"",""description"":""The property by which the returned list is sorted, default as 'clientId'"",""paramType"":""query"",""allowableValues"":{""valueType"":""LIST"",""values"":[""clientId""]},""required"":false,""allowMultiple"":false,""dataType"":""string""},{""name"":""sortOrder"",""description"":""Sort order, default as 'asc'"",""paramType"":""query"",""allowableValues"":{""valueType"":""LIST"",""values"":[""asc"",""desc""]},""required"":false,""allowMultiple"":false,""dataType"":""string""}]"
/oauth2,/oauth2.json/clients,POST,Add OAuth2 Client,1,"[{""description"":""New OAuth2 Client"",""paramType"":""body"",""required"":true,""allowMultiple"":false,""dataType"":""OAuth2ClientDto""}]"
/oauth2,/oauth2.json/clients/{oauth2ClientId},GET,Get OAuth2 Client,1,"[{""name"":""oauth2ClientId"",""description"":""ID of the OAuth2 Client which needs to be fetched"",""paramType"":""path"",""required"":true,""allowMultiple"":false,""dataType"":""string""}]"
/oauth2,/oauth2.json/clients/{oauth2ClientId},PUT,Update OAuth2 Client,2,"[{""name"":""oauth2ClientId"",""description"":""clientId of the OAuth2 Client to be updated"",""paramType"":""path"",""required"":true,""allowMultiple"":false,""dataType"":""string""},{""description"":""Updated OAuth2 Client"",""paramType"":""body"",""required"":true,""allowMultiple"":false,""dataType"":""OAuth2ClientDto""}]"
/oauth2,/oauth2.json/clients/{oauth2ClientId},DELETE,Delete OAuth2 Client,1,"[{""name"":""oauth2ClientId"",""description"":""clientId of the OAuth2 Client which needs to be deleted"",""paramType"":""path"",""required"":true,""allowMultiple"":false,""dataType"":""string""}]"
